{
    "total_runtime": 36.233665466308594,
    "num_documents": 1,
    "input_load_time": 0,
    "workflows": {
        "create_base_text_units": {
            "overall": 0.6719169616699219,
            "0_orderby": 0.0050280094146728516,
            "1_zip": 0.006429195404052734,
            "2_aggregate_override": 0.009896993637084961,
            "3_chunk": 0.5772874355316162,
            "4_select": 0.006507396697998047,
            "5_unroll": 0.008367061614990234,
            "6_rename": 0.006854057312011719,
            "7_genid": 0.0076999664306640625,
            "8_unzip": 0.008330583572387695,
            "9_copy": 0.007676362991333008,
            "10_filter": 0.023381710052490234
        },
        "create_base_extracted_entities": {
            "overall": 0.18723344802856445,
            "0_entity_extract": 0.12884235382080078,
            "1_merge_graphs": 0.046875715255737305
        },
        "create_summarized_entities": {
            "overall": 0.15941071510314941,
            "0_summarize_descriptions": 0.14639592170715332
        },
        "create_base_entity_graph": {
            "overall": 0.09009623527526855,
            "0_cluster_graph": 0.06138920783996582,
            "1_select": 0.014784574508666992
        },
        "create_final_entities": {
            "overall": 6.365947008132935,
            "0_unpack_graph": 0.024366378784179688,
            "1_rename": 0.013423442840576172,
            "2_select": 0.013886690139770508,
            "3_dedupe": 0.014390230178833008,
            "4_rename": 0.0145111083984375,
            "5_filter": 0.035605669021606445,
            "6_text_split": 0.019314050674438477,
            "7_drop": 0.017355918884277344,
            "8_merge": 0.05139279365539551,
            "9_text_embed": 6.037812232971191,
            "10_drop": 0.02357006072998047,
            "11_filter": 0.08287811279296875
        },
        "create_final_nodes": {
            "overall": 0.48835039138793945,
            "0_layout_graph": 0.07053041458129883,
            "1_unpack_graph": 0.03747844696044922,
            "2_unpack_graph": 0.04301738739013672,
            "3_drop": 0.05294466018676758,
            "4_filter": 0.05736804008483887,
            "5_select": 0.02661752700805664,
            "6_rename": 0.025234460830688477,
            "7_convert": 0.08547329902648926,
            "8_join": 0.03841257095336914,
            "9_rename": 0.02850174903869629
        },
        "create_final_communities": {
            "overall": 0.6632652282714844,
            "0_unpack_graph": 0.04090762138366699,
            "1_unpack_graph": 0.04607081413269043,
            "2_aggregate_override": 0.04022645950317383,
            "3_join": 0.07563066482543945,
            "4_join": 0.039600372314453125,
            "5_concat": 0.030684947967529297,
            "6_filter": 0.07017159461975098,
            "7_aggregate_override": 0.03525567054748535,
            "8_join": 0.0414578914642334,
            "9_filter": 0.07091045379638672,
            "10_fill": 0.03442192077636719,
            "11_merge": 0.03669905662536621,
            "12_copy": 0.033850669860839844,
            "13_select": 0.034322500228881836
        },
        "join_text_units_to_entity_ids": {
            "overall": 0.15233206748962402,
            "0_select": 0.035584449768066406,
            "1_unroll": 0.0376276969909668,
            "2_aggregate_override": 0.040756940841674805
        },
        "create_final_relationships": {
            "overall": 0.589489221572876,
            "0_unpack_graph": 0.05161762237548828,
            "1_filter": 0.08129596710205078,
            "2_rename": 0.038498640060424805,
            "3_filter": 0.16993141174316406,
            "4_drop": 0.03946042060852051,
            "5_compute_edge_combined_degree": 0.04599475860595703,
            "6_convert": 0.08144998550415039,
            "7_convert": 0.03995013236999512
        },
        "join_text_units_to_relationship_ids": {
            "overall": 0.32687902450561523,
            "0_select": 0.04206490516662598,
            "1_unroll": 0.15226006507873535,
            "2_aggregate_override": 0.04699277877807617,
            "3_select": 0.043670654296875
        },
        "create_final_community_reports": {
            "overall": 16.23666000366211,
            "0_prepare_community_reports_nodes": 0.04973626136779785,
            "1_prepare_community_reports_edges": 0.05133461952209473,
            "2_restore_community_hierarchy": 0.07185864448547363,
            "3_prepare_community_reports": 0.18085074424743652,
            "4_create_community_reports": 15.779175758361816,
            "5_window": 0.04953885078430176
        },
        "create_final_text_units": {
            "overall": 0.4869976043701172,
            "0_select": 0.04773545265197754,
            "1_rename": 0.04801154136657715,
            "2_join": 0.0808253288269043,
            "3_join": 0.155991792678833,
            "4_aggregate_override": 0.05465984344482422,
            "5_select": 0.05082106590270996
        },
        "create_base_documents": {
            "overall": 0.793874979019165,
            "0_unroll": 0.17726826667785645,
            "1_select": 0.05774211883544922,
            "2_rename": 0.057787418365478516,
            "3_join": 0.06830167770385742,
            "4_aggregate_override": 0.06221961975097656,
            "5_join": 0.0705726146697998,
            "6_rename": 0.06022977828979492,
            "7_convert": 0.18317818641662598
        },
        "create_final_documents": {
            "overall": 0.11433887481689453,
            "0_rename": 0.05600619316101074
        }
    }
}