{
    "total_runtime": 2.80670428276062,
    "num_documents": 1,
    "input_load_time": 0,
    "workflows": {
        "create_base_text_units": {
            "overall": 0.5433950424194336,
            "0_orderby": 0.005200862884521484,
            "1_zip": 0.005983829498291016,
            "2_aggregate_override": 0.010007143020629883,
            "3_chunk": 0.4361848831176758,
            "4_select": 0.00836181640625,
            "5_unroll": 0.009668588638305664,
            "6_rename": 0.007994890213012695,
            "7_genid": 0.009145021438598633,
            "8_unzip": 0.010035276412963867,
            "9_copy": 0.00914454460144043,
            "10_filter": 0.027257442474365234
        },
        "create_base_extracted_entities": {
            "overall": 0.18322300910949707,
            "0_entity_extract": 0.12449049949645996,
            "1_merge_graphs": 0.047037601470947266
        },
        "create_summarized_entities": {
            "overall": 0.14745211601257324,
            "0_summarize_descriptions": 0.13261103630065918
        },
        "create_base_entity_graph": {
            "overall": 0.08519649505615234,
            "0_cluster_graph": 0.057791709899902344,
            "1_select": 0.014331579208374023
        }
    }
}