{
    "total_runtime": 128.40159559249878,
    "num_documents": 1,
    "input_load_time": 0,
    "workflows": {
        "create_base_text_units": {
            "overall": 0.6299271583557129,
            "0_orderby": 0.0048122406005859375,
            "1_zip": 0.005834341049194336,
            "2_aggregate_override": 0.009075164794921875,
            "3_chunk": 0.5150036811828613,
            "4_select": 0.009140968322753906,
            "5_unroll": 0.012831926345825195,
            "6_rename": 0.011327743530273438,
            "7_genid": 0.010004043579101562,
            "8_unzip": 0.012034893035888672,
            "9_copy": 0.009094953536987305,
            "10_filter": 0.02621936798095703
        },
        "create_base_extracted_entities": {
            "overall": 83.94660377502441,
            "0_entity_extract": 83.89300227165222,
            "1_merge_graphs": 0.04249286651611328
        },
        "create_summarized_entities": {
            "overall": 41.50307846069336,
            "0_summarize_descriptions": 41.491421937942505
        },
        "create_base_entity_graph": {
            "overall": 0.09253048896789551,
            "0_cluster_graph": 0.06055879592895508,
            "1_select": 0.01399087905883789
        }
    }
}